reddit.com,Fastly,55,,,
cnn.com,Fastly,52,Akamai,11,
nytimes.com,Fastly,53,,,
theguardian.com,Fastly,59,,,
bbc.co.uk,,,,,
washingtonpost.com,Instart Logic,65,,,
huffingtonpost.com,Akamai,50,,,
indiatimes.com,,,,,
news.yahoo.com,,,,,
weather.com,Akamai,55,,,
news.google.com,,,,,
forbes.com,Fastly,45,Akamai,11,
foxnews.com,Akamai,56,,,
shutterstock.com,Akamai,8,,,
accuweather.com,Akamai,60,,,
timesofindia.indiatimes.com,Akamai,60,,,
bloomberg.com,Akamai,56,,,
reuters.com,,,,,
usatoday.com,Fastly,51,,,
wsj.com,Amazon CloudFront,51,Akamai,4,
money.cnn.com,Akamai,3,,,
wunderground.com,Akamai,52,,,
cnbc.com,Akamai,56,,,
drudgereport.com,,,,,
chron.com,Fastly,54,,,
